x,y,z,vx,vy,vz
-57219051.88294508,30168227.70545976,4672157.371047532,-15.9824534812882,-52.07236285630111,2.499636237619661
-58494224.31399223,25614610.05109819,4879384.240238762,-13.50930467276773,-53.31119548142803,2.294385427825755
-59549113.29640679,20960582.76994924,5068135.583057576,-10.88538830044411,-54.39276963179942,2.072079871060566
-60371299.38743979,16220728.03652275,5236974.750677878,-8.125512702319698,-55.29423948738459,1.833647492362648
-60949839.55766571,11411538.30577867,5384564.780374004,-5.249035299901222,-55.99440705481474,1.580470370915641
-61275653.32119963,6551227.809073558,5509707.89354415,-2.279652972580989,-56.47479407542643,1.314386210125932
-61341877.54503669,1659451.746930506,5611383.889335634,0.7551161233459229,-56.72069056041871,1.037660728103425
-61144163.07631344,-3243060.446586614,5688784.817668358,3.824757722811996,-56.72207782510607,0.7529291212010456
-60680888.14760674,-8134942.45623929,5741343.310024271,6.89685248084131,-56.47432399848538,0.4631084249632131
-59953268.78535835,-12994675.54701689,5768752.274852488,9.938352926288736,-55.97856720292108,0.171286533023963
-58965354.73351112,-17801090.63396896,5770974.316253389,12.91693661532399,-55.24173482795648,-0.1194029536654924
-57723909.6112648,-22533855.85005409,5748240.130527932,15.80231205332787,-54.27619119332581,-0.405908747369029
-56238184.57552998,-27173918.84298174,5701036.140191714,18.56735988891799,-53.09905192814659,-0.685381116292195
-54519603.97502306,-31703878.10797809,5630082.579068474,21.18901625332745,-51.73124235598397,-0.9552722023156832
-52581387.98709654,-36108265.5258659,5536303.998865353,23.64884230843575,-50.19640178655646,-1.213410236280708
-50438140.25678067,-40373731.50672776,5420794.628689101,25.93326588568098,-48.51974249368342,-1.458044218510452
-48105428.07532982,-44489133.22146425,5284781.151455004,28.03351928918791,-46.72696234503978,-1.68785936657833
-45599379.24231414,-48445534.07044861,5129585.295971556,29.94532576526337,-44.84328805738019,-1.901966698680852
-42936314.44311973,-52236127.99995411,4956588.257270059,31.66840293861352,-42.89269805284565,-2.099872132842586
-40132427.8398722,-55856105.27828443,4767198.447303047,33.20585502016957,-40.89734582981232,-2.281431354903868
-37203522.57960009,-59302477.08278068,4562823.536499631,34.56351941256217,-38.87718102543458,-2.446796598334265
-34164802.75168964,-62573875.21516272,4344847.246715169,35.74932110686092,-36.84974825841804,-2.596360677798394
-31030719.34331477,-65670341.06077233,4114610.943592228,36.77267352921677,-34.83013382888635,-2.73070244707203
-27814865.03558305,-68593115.117124,3873399.770836204,37.64395004161585,-32.83102652248098,-2.85053658587095
-24529911.14683996,-71344435.50797059,3622432.869577147,38.37403788897012,-30.86285955546542,-2.956669453162123
-21187579.44533118,-73927351.1964128,3362857.119037274,38.97397682541457,-28.93400441780289,-3.049961784612822
-17798641.66648192,-76345553.30170776,3095743.800197095,39.45467804221934,-27.05099255020311,-3.131298296857496
-14372940.13816857,-78603226.08496477,2822087.601050831,39.82671501645888,-25.21874632780004,-3.201563781461438
-10919423.73799848,-80704917.79628703,2542807.431482542,40.10017595980807,-23.44080600377385,-3.261624990640337
-7446194.326717288,-82655430.62068538,2258748.582566012,40.28456709057654,-21.71954370651595,-3.31231748851302
-3960559.716332013,-84459728.35074745,1970685.838025358,40.38875646038704,-20.05635914228171,-3.354436620072273
-469090.0757374497,-86122860.07420795,1679327.217223637,40.42094912572576,-18.45185434707552,-3.388731796074179
3022324.583195616,-87649898.02333178,1385318.09489188,40.38868576254434,-16.90598675806366,-3.415903375710266
6508417.572142587,-89045887.73005183,1089245.500591826,40.29885817762204,-15.41820117255747,-3.436601529076885
9984490.569081623,-90315808.71786693,791642.4498434961,40.15773645078658,-13.98754197156264,-3.451426564186796
13446361.35632375,-91464544.10197647,492992.1991199479,39.97100358192108,-12.61274743164679,-3.460930300123502
16890314.75962106,-92496857.63644429,193732.3492416441,39.74379448945631,-11.29232813943732,-3.465618154399956
20313057.05762013,-93417376.9229989,-105741.2529135495,39.48073701078334,-10.02463154131707,-3.465951686783957
23711673.95693558,-94230581.66837266,-405070.8449570611,39.18599320185963,-8.807894570289157,-3.462351403649966
27083592.10390704,-94940796.03856279,-703933.3276852518,38.86329974225205,-7.640286138584663,-3.455199677154294
30426544.01867746,-95552184.30511147,-1002037.097024173,38.51600664428516,-6.519941100530854,-3.444843673549597
33738536.28143183,-96068749.10879056,-1299119.126603112,38.14711376169726,-5.444987096956908,-3.431598216269847
37017820.76703188,-96494331.77978925,-1594942.29299821,37.75930481318447,-4.413565503598273,-3.415748533517776
40262868.70696654,-96832614.25139496,-1889292.932171606,37.35497879578885,-3.42384752961418,-3.397552858338514
43472347.35190332,-97087122.18751547,-2181978.613480501,36.93627877595573,-2.474046352621871,-3.377244862752764
46645099.01063444,-97261229.01473054,-2472826.116492607,36.50511812338205,-1.562426035187448,-3.35503591745588
49780122.24918897,-97358160.60847321,-2761679.59543322,36.06320430339117,-0.6873078445174262,-3.331117175688919
52876555.04533917,-97381000.43196419,-3048398.916197062,35.61206037450555,0.1529255088316694,-3.305661484824689
55933659.70720635,-97332694.96708894,-3332858.151315831,35.15304435453131,0.9598272875332527,-3.278825132514257
58950809.37912295,-97216059.30980472,-3614944.218962044,34.68736662494837,1.734885449724782,-3.250749436324318
61927475.97259621,-97033782.83003855,-3894555.652898327,34.21610554285332,2.479522391014292,-3.221562186988726
64863219.37463923,-96788434.81837052,-4171601.491182677,33.74022142442714,3.195095473503611,-3.19137895594472
67757677.79956265,-96482470.05994348,-4446000.272370264,33.26056905560691,3.882898153131102,-3.160304277914592
70610559.16334532,-96118234.29072168,-4717679.128872603,32.77790887559708,4.544161553035382,-3.128432719071921
73421633.37181604,-95697969.50304106,-4986572.968029581,32.29291696791509,5.180056360601409,-3.095849840900605
76190725.42503312,-95223819.0768719,-5252623.732298702,31.80619398246174,5.791694950390084,-3.062633069295384
78917709.25043781,-94697832.72075772,-5515779.730764255,31.31827310105205,6.380133655295364,-3.028852477816542
81602502.18661004,-94121971.21238863,-5775995.034910891,30.82962714824711,6.946375124537573,-2.994571493355375
84245060.04781687,-93498110.93345556,-6033228.93228969,30.34067493929768,7.491370720607129,-2.959847531782192
86845372.70706795,-92828048.19710386,-6287445.432331506,29.85178694768996,8.016022917849458,-2.924732570511543
89403460.1421447,-92113503.36912991,-6538612.819133751,29.3632903662323,8.521187674242702,-2.889273664285004
91919368.89511424,-91356124.78620793,-6786703.246565394,28.87547362777657,9.007676754920494,-2.853513409883194
94393168.90123765,-90557492.47603667,-7031692.371504635,28.38859044456591,9.476259991609757,-2.81749036493113
96824950.64799675,-89719121.6854606,-7273559.02144764,27.90286341878961,9.927667466656773,-2.78123942545449
99214822.62925424,-88842466.22343932,-7512284.893108658,27.41848727116846,10.36259161389782,-2.744792166379912
101562909.0633793,-87928921.62627892,-7747854.27897568,26.93563172922961,10.78168923147147,-2.708177148747652
103869347.847568,-86979828.15286386,-7980253.819094241,26.45444411231235,11.18558340389802,-2.671420197019932
106134288.7236055,-85996473.61778007,-8209472.275629457,25.97505164622931,11.57486533247775,-2.634544649520089
108357891.6330024,-84980096.070243,-8435500.328004047,25.4975635368445,11.95009607437555,-2.597571584725642
110540325.2418204,-83931886.32666779,-8658330.386634145,25.02207282859279,12.3118081917495,-2.560520025859232
112681765.6176256,-82852990.36456268,-8877956.423483394,24.54865807103974,12.6605073131629,-2.52340712595504
114782395.0428875,-81744511.58521283,-9094373.817834795,24.07738481401461,12.99667360989221,-2.486248335364799
116842400.9508164,-80607512.95237625,-9307579.21584016,23.60830694962836,13.32076319024791,-2.449057553460213
118861974.9711312,-79443019.01393376,-9517570.402551517,23.14146791734926,13.63320941525873,-2.41184726609547
120841312.0745515,-78252017.8131344,-9724346.18526487,22.67690178668867,13.9344241391862,-2.374628670250706
122780609.8060192,-77035462.6957798,-9927906.287125748,22.21463423023541,14.22479887847964,-2.337411787106133
124680067.5976687,-75794274.0193738,-10128251.25004562,21.75468339863731,14.50470591269667,-2.300205564693097
126539886.1535299,-74529340.76996313,-10325382.346074,21.29706070761133,14.77449932098487,-2.263017971126744
128360266.8987621,-73241522.09208421,-10519301.49645218,20.8417715461601,15.03451595756685,-2.225856079339392
130141411.4869679,-71931648.73694193,-10710011.19765062,20.38881591407079,15.2850763696247,-2.1887261441287
131883521.3597964,-70600524.43365332,-10897514.45375806,19.93818899596032,15.52648566082564,-2.151633672260183
133586797.3536372,-69248927.1881176,-11081814.71465128,19.48988167832319,15.7590343036389,-2.114583486281881
135251439.3487365,-67877610.51380628,-11262915.81942873,19.04388101535894,15.98299890341985,-2.077579782647122
136877645.956535,-66487304.59851661,-11440821.94463929,18.60017064875349,16.19864291712957,-2.04062618467997
138465614.2414544,-65078717.41088965,-11615537.55688213,18.15873118602908,16.40621732938156,-2.003725790865149
140015539.4737348,-63652535.75026822,-11787067.36939254,17.71954054161282,16.60596128839477,-1.966881218896698
141527614.9102629,-62209426.24325306,-11955416.30226453,17.28257424431112,16.79810270426757,-1.930094645875247
143002031.6006377,-60750036.29011297,-12120589.44599305,16.84780571453236,16.9828588118629,-1.893367845008425
144438978.2159882,-59274994.96401244,-12282592.02804755,16.41520651422632,17.16043670045813,-1.85670221913168
145838640.8983055,-57784913.8658399,-12441429.38221479,15.98474657221864,17.33103381218433,-1.820098831337671
147201203.1282679,-56280387.93725026,-12597106.92047275,15.55639438734256,17.4948384111585,-1.783558432974108
148526845.609736,-54761996.23437577,-12749630.10717819,15.13011721152624,17.65203002509442,-1.747081489245124
149815746.1692711,-53230302.66450989,-12899004.43537059,14.705881214777,17.80277986106702,-1.710668202628953
151068079.6691899,-51685856.68792892,-13045235.40501191,14.2836516338092,17.94725119700025,-1.674318534304592
152284017.9328114,-50129193.98688434,-13188328.50299796,13.86339290588824,18.0855997503478,-1.63803222376198
153463729.6806805,-48560837.10367685,-13328289.18479143,13.4450687893076,18.21797402534333,-1.601808806754002
154607380.4766695,-46981296.04960688,-13465122.85753951,13.02864247177599,18.34451564010756,-1.565647631733892
155715132.6829648,-45391068.88648969,-13598834.86455104,12.61407666786662,18.4653596348164,-1.529547874908425
156787145.4230379,-43790642.28232208,-13729430.4710187,12.20133370656835,18.58063476205667,-1.493508554025319
157823574.5517868,-42180492.04259367,-13856914.85088177,11.7903756098777,18.69046376042197,-1.457528541002492
158824572.6321131,-40561083.61864796,-13981293.07473345,11.38116416328021,18.79496361233277,-1.421606573497051
159790288.9172646,-38932872.59441581,-14102570.09868529,10.97366097888825,18.89424578700024,-1.385741265503211
160720869.3383422,-37296305.15276752,-14220750.75410824,10.56782755192959,18.98841646939302,-1.3499311170602
161616456.4964218,-35651818.52265786,-14335839.73817663,10.16362531121463,19.07757677600944,-1.314174523144146
162477189.6587988,-33999841.40817107,-14447841.60514776,9.761015664152286,19.16182295820497,-1.278469781811369
163303204.7589033,-32340794.40051071,-14556760.75831478,9.359960036828861,19.24124659377505,-1.242815101654569
164094634.3994833,-30675090.37392041,-14662601.4425763,8.960419909619384,19.31593476744715,-1.207208608628068
164851607.8586867,-29003134.86646703,-14765367.73757024,8.562356848755813,19.385970240892,-1.171648352293539
165574251.0987099,-27325326.44656707,-14865063.55132393,8.165732534235259,19.45143161282557,-1.136132311532731
166262686.7767123,-25642057.06608896,-14961692.61437646,7.77050878442244,19.51239346973133,-1.100658399770586
166917034.2577259,-23953712.40082028,-15055258.47433241,7.376647577662622,19.56892652770091,-1.065224469747599
167537409.629313,-22260672.1790467,-15145764.49080989,6.984111071195176,19.62109776585569,-1.029828317877412
168123925.7177506,-20563310.49895149,-15233213.83074821,6.592861617632819,19.66897055178125,-0.994467688223164
168676692.1055437,-18861996.13550785,-15317609.46404393,6.202861779245803,19.71260475937734,-0.9591402761212766
169195815.1500842,-17157092.83750305,-15398954.1594856,5.814074340271813,19.75205687949871,-0.9238437314822585
169681398.0032963,-15448959.61530197,-15477250.48096071,5.426462317457819,19.78738012373508,-0.8885756617930376
170133540.6321233,-13737951.01992875,-15552500.78391005,5.039988969002505,19.81862452165865,-0.8533336348436782
170552339.8397231,-12024417.41401732,-15624707.21200649,4.654617802084676,19.84583701183837,-0.8181151812010761
170937889.2872593,-10308705.2351575,-15693871.69403726,4.270312579123086,19.86906152690349,-0.7829177964488343
171290279.5161839,-8591157.252139097,-15759995.94097036,3.887037322908938,19.88833907291822,-0.7477389432114743
171609597.9709176,-6872112.814575166,-15823081.44318708,3.504756320746222,19.90370780330938,-0.7125760529802907
171895929.0218522,-5151908.096364909,-15883129.46786441,3.123434127713246,19.91520308757002,-0.6774265277555234
172149353.9885983,-3430876.333438897,-15940141.05649175,2.743035569164805,19.92285757494774,-0.6422877415202644
172369951.1634218,-1709348.056211263,-15994117.02250828,2.363525742573403,19.92670125330837,-0.6071570415587253
172557795.8348131,12348.68285187613,-16045057.94904797,1.984870018805478,19.92676150335102,-0.572031749631309
172712960.3111468,1733888.08615322,-16092964.18678023,1.607034042923224,19.92306314833616,-0.5369091630180138
172835513.9443921,3454946.391993119,-16137835.85183555,1.22998373459695,19.91562849947393,-0.50178655544092
172925523.1538452,5175201.659337382,-16179672.8238059,0.8536852882032971,19.90447739710845,-0.4666611778755003
172983051.4498596,6894333.555966207,-16218474.74381076,0.4781051726890667,19.88962724781855,-0.4315302592604127
173008159.4575568,8612023.149656218,-16254241.01262045,0.1032101312670013,19.87109305754574,-0.3963910071142553
173000904.9405057,10327952.70205671,-16286970.78882897,-0.2710328189871399,19.84888746084672,-0.3612406080676331
172961342.8243657,12041805.46492902,-16316662.98706952,-0.6446563875731071,19.82302074635882,-0.3260762283181053
172889525.2204926,13753265.47842529,-16343316.27626615,-1.017693010974954,19.79350087855034,-0.2908950140159563
172785501.4495118,15462017.37108844,-16366929.0779161,-1.390174852984919,19.76033351582666,-0.2556940915867525
172649318.0648704,17167746.1612609,-16387499.56439742,-1.762133804881018,19.72352202504258,-0.2204705679979577
172481018.8763821,18870137.05959411,-16405025.65729755,-2.133601485402931,19.68306749246941,-0.1852215309753831
172280644.9737836,20568875.27235269,-16419505.02575856,-2.504609240469271,19.63896873125034,-0.1499440491757307
172048234.7503311,22263645.80521356,-16430935.08483564,-2.875188142584757,19.59122228538033,-0.1146351723189962
171783823.92646,23954133.26725865,-16439312.99386526,-3.245368989866095,19.539822430209,-0.07929193129094081
171487445.5735512,25640021.67486093,-16444635.6548416,-3.615182304663735,19.48476116951037,-0.04391133821155258
171159130.1378338,27320994.25516969,-16446899.71079718,-3.984658331673804,19.42602822910586,-0.008490386483422263
170798905.4644747,28996733.24889662,-16446101.54418693,-4.353827035486744,19.36361104698203,0.02697394917095597
170406796.8219088,30666919.71209413,-16442237.2752756,-4.722718097547918,19.29749476003782,0.06248471269837896
169982826.9264586,32331233.31664304,-16435302.76052499,-5.091360912392303,19.22766218724344,0.09804496669621621
169527015.9673131,33989352.14912816,-16425293.59098336,-5.459784583120053,19.15409380927727,0.1336577923955549
169039381.6319342,35640952.50780287,-16412205.09067645,-5.828017916013643,19.07676774460934,0.1693262896372874
168519939.1319666,37285708.6973299,-16396032.31500104,-6.1960894142354,18.99565972193488,0.2050535768358035
167968701.2297367,38923292.82097921,-16376770.04912277,-6.564027270501987,18.91074304886055,0.2408427909140656
167385678.26543,40553374.56995738,-16354412.8063807,-6.93185935866541,18.82198857680948,0.2766970872131331
166770878.1850483,42175621.00953797,-16328954.82670118,-7.299613224093307,18.72936466205012,0.3126196393649847
166124306.5692517,43789696.36165323,-16300390.07502462,-7.667316072773406,18.6328371227246,0.3486136391217487
165445966.6632006,45395261.78359687,-16268712.23974892,-8.034994759018558,18.53236919179059,0.3846822961338328
164735859.4075278,46991975.14247946,-16233914.73119505,-8.402675771654527,18.42792146575016,0.4208288376676288
163993983.4705684,48579490.78506883,-16195990.68009929,-8.770385218609569,18.31945184904209,0.4570565082584528
163220335.2820007,50157459.30263147,-16154932.93613927,-9.13814880969828,18.20691549392641,0.4933685692798608
162414909.0680539,51725527.29038144,-16110734.06650077,-9.505991837521886,18.09026473574377,0.529768298428138
161577696.8884543,53283337.10112891,-16063386.35449322,-9.873939156303042,17.96944902335613,0.5662589891062852
160708688.6752952,54830526.59270394,-16012881.79822338,-10.24201515847693,17.84441484457952,0.6028439496939875
159807872.274034,56366728.86871413,-15959212.10933734,-10.61024374885716,17.71510564641277,0.639526502690674
158875233.4868316,57891572.01217764,-15902368.71184267,-10.97864831618127,17.58146174984589,0.6763099837175615
157910756.1184722,59404678.81155294,-15842342.74102335,-11.3472517018244,17.44342025901108,0.7131977403632748
156914422.0251164,60905666.47866576,-15779125.04246189,-11.71607616544357,17.30091496442051,0.7501931308554948
155886211.1661647,62394146.35801026,-15712706.17118431,-12.08514334729442,17.15387624001271,0.7872995225396648
154826101.6595302,63869723.62687731,-15643076.39094573,-12.45447422694447,17.00223093371629,0.8245202901452497
153734069.840645,65331996.98573595,-15570225.67367554,-12.82408907809302,16.84590225121777,0.8618588138194134
152610090.3255486,66780558.33826722,-15494143.69910329,-13.19400741920667,16.68480963260054,0.8993184769089808
151454136.0784357,68214992.46041772,-15414819.85458808,-13.56424795955431,16.518868621469,0.9369026634582482
150266178.4840787,69634876.65780817,-15332243.23517722,-13.93482854033845,16.34799072621045,0.974614755406713
149046187.4255624,71039780.41080005,-15246402.64392104,-14.30576607047319,16.17208327295666,1.012458129452716
147794131.3678143,72429265.00648439,-15157286.59247408,-14.67707645658125,15.99104924982748,1.050436153555423
146509977.4474507,73802883.15682003,-15064883.3020154,-15.04877452672237,15.80478714199374,1.088552183041279
145193691.5695022,75160178.60210755,-14969180.70452369,-15.42087394732601,15.61319075707781,1.126809556278399
143845238.5116305,76500685.698942,-14870166.44444614,-15.79338713274772,15.41614904038121,1.165211589877646
142464582.0365002,77823928.99174267,-14767827.88080421,-16.1663251468105,15.21354587940102,1.203761573373866
141051685.0130305,79129422.76690994,-14662152.08978312,-16.53969759562744,15.00525989706686,1.242462763334668
139606509.547309,80416670.588609,-14553125.86785723,-16.91351251092821,14.79116423309682,1.28131837683693
138129017.1240295,81685164.81512667,-14440735.73550884,-17.28777622303002,14.57112631283481,1.32033158424324
136619168.7593839,82934386.09469068,-14324967.94160398,-17.6624932225035,14.3450076028907,1.359505501201742
135076925.1664339,84163802.83958033,-14205808.4684961,-18.0376660094847,14.11266335286091,1.398843179783338
133502246.9340758,85372870.67729287,-14083243.03793613,-18.41329492947687,13.8739423223582,1.438347598660433
131895094.7208215,86561031.8774612,-13957257.11787635,-18.78937799436871,13.62868649252727,1.47802165222086
130255429.4647324,87727714.7531448,-13827835.93026489,-19.16591068726948,13.376730761168,1.517868138499875
128583212.6109686,88872333.0350378,-13694964.45993873,-19.54288574962114,13.11790262052882,1.557889745801357
126878406.3585586,89994285.21705393,-13558627.46473405,-19.92029294890003,12.85202181677622,1.598089037867446
125140973.9281434,91092953.87166056,-13418809.48694637,-20.29811882505237,12.57889999008479,1.638468437442088
123370879.8526205,92167704.93323913,-13275494.86628607,-20.67634641362655,12.29834029423417,1.679030208059414
121568090.2927951,93217886.9476517,-13128667.75449073,-21.05495494336118,12.01013699454061,1.71977643387099
119732573.3803523,94242830.28608863,-12978312.13177247,-21.43391950576227,11.71407504289385,1.760708997307205
117864299.5906834,95241846.32116456,-12824411.82529693,-21.81321069394961,11.40992962861489,1.801829554346381
115963242.148352,96214226.56311575,-12666950.52991128,-22.19279420777029,11.0974657037972,1.843139507140703
114029377.4682521,97159241.75383489,-12505911.83136148,-22.57263042186083,10.77643748174425,1.884639973720045
112062685.6358187,98076140.91635734,-12341279.23226443,-22.95267391298618,10.44658790706948,1.926331754463145
110063150.9299794,98964150.3572868,-12173036.18112899,-23.33287294258868,10.10764809598441,1.968215294989629
108030762.3929092,99822472.61951968,-12001166.1047515,-23.71316889003909,9.75933674526625,2.01029064508615
105965514.4510614,100650285.3824963,-11825652.44434685,-24.09349563158894,9.401359508371481,2.052557413234339
103867407.5923989,101446740.3070734,-11646478.69581538,-24.47377885947373,9.033408337149742,2.09501471625726
101736449.1052607,102210961.8219784,-11463628.4545907,-24.85393533500261,8.65516078761572,2.137661123543838
99572653.88485792,102942045.8486762,-11277085.46556205,-25.23387206878506,8.266279288261526,2.18049459524626
97376045.31401546,103639058.4613454,-11086833.67862098,-25.61348542048002,7.866410369442416,2.223512413773236
95146656.22547497,104301034.4785428,-10892857.31044362,-25.99266010959878,7.455183852454776,2.266711107820841
92884529.95384182,104926975.9830166,-10695140.91318922,-26.37126812793775,7.032211997048609,2.310086368091453
90589721.48612107,105515850.7660293,-10493669.45087359,-26.74916754315273,6.597088606299666,2.353632953748796
88262298.72074333,106066590.6924696,-10288428.384263,-27.1262011817931,6.149388088007136,2.397344588541715
85902343.84604684,106578089.9829692,-10079403.76523182,-27.50219517878448,5.688664472104906,2.441213845399545
83509954.85037035,107049203.4092209,-9866582.341637067,-27.87695737886315,5.214450384000622,2.485232018155169
81085247.17723246,107478744.3987017,-9649951.673885636,-28.25027557379903,4.726255974286887,2.529388978888717
78628355.54055059,107865483.0450772,-9429500.264508728,-28.62191555739821,4.22356780597786,2.573673019197269
76139435.91649444,108208144.0206964,-9205217.702212349,-28.99161897820287,3.705847701254791,2.618070673489117
73618667.73040284,108505404.3878036,-8977094.822048016,-29.3591009675012,3.17253155083096,2.662566522165207
71066256.25923507,108755891.3054178,-8745123.883542642,-29.72404751769945,2.623028090362538,2.707142972286237
68482435.27230579,108958179.6292842,-8509298.768847648,-30.08611258324623,2.056717650005286,2.75178001302667
65867469.93558811,109110789.402912,-8269615.203213766,-30.4449148731496,1.472950885302455,2.796454942884485
63221660.00769415,109212183.2385296,-8026071.000376251,-30.80003430060277,0.8710475000609641,2.841142065237535
60545343.35878579,109260763.5878344,-7778666.335747655,-31.15100805140377,0.2502949750516796,2.885812348424503
57838899.84715919,109254869.9037705,-7527404.05066479,-31.49732622856687,-0.3900526799150525,2.930433046054192
55102755.59212605,109192775.6962765,-7272289.991330624,-31.83842702590517,-1.050776128317902,2.974967272729756
52337387.68610912,109072685.4871019,-7013333.386531308,-32.1736913782799,-1.732691835833013,3.019373529792368
49543329.39362264,108892731.6714761,-6750547.268703349,-32.50243703077621,-2.436653091149002,3.063605175051484
46721175.89004673,108650971.2977631,-6483948.943475351,-32.82391196318122,-3.163550875729984,3.107609829761416
43871590.59886727,108345382.7803608,-6213560.513425604,-33.13728709998612,-3.914314529528884,3.151328715336872
40995312.19235758,107973862.5661932,-5939409.462479845,-33.44164822966798,-4.689912147509263,3.194695911463352
38093162.32754994,107534221.7813857,-5661529.30813314,-33.73598705048294,-5.49135062719929,3.237637526368015
35166054.19677617,107024182.8923426,-5379960.329518087,-34.01919125349583,-6.319675269852029,3.280070769068216
32215001.98003802,106441376.4247538,-5094750.38026356,-34.29003354750399,-7.175968816605637,3.321902912439072
29241131.29494138,105783337.7953672,-4805955.796094686,-34.54715952518871,-8.061349775597263,3.363030134951082
26245690.74880913,105047504.3250875,-4513642.408216827,-34.78907426592605,-8.97696986563045,3.403336227974759
23230064.70671609,104231212.5185436,-4217886.674695984,-35.01412756890404,-9.924010365728485,3.442691154676173
20195787.39834316,103331695.7152819,-3918776.943288527,-35.22049771169132,-10.90367711693135,3.480949445827705
17144558.49538043,102346082.2417856,-3616414.860460736,-35.40617363556312,-11.9171938717813,3.517948417436822
14078260.29924112,101271394.2223579,-3310916.942647211,-35.56893547162247,-12.96579362726459,3.55350619511241
10998976.68540905,100104547.2413067,-3002416.327076018,-35.70633334360999,-14.05070750690231,3.587419530748614
7909013.954907565,98842351.08981371,-2691064.720674932,-35.81566441738691,-15.17315067715202,3.61946139869758
4810923.743919489,97481511.87927099,-2377034.566565804,-35.89394821781443,-16.33430469013673,3.64937836149472
1707528.137847556,96018635.85982922,-2060521.448327556,-35.93790030607749,-17.53529554021289,3.676887699862134
-1398052.876062893,94450235.3494384,-1741746.752376202,-35.94390451154598,-18.77716660495978,3.70167430882588
-4502371.505834932,92772737.2557106,-1420960.608234096,-35.90798404981257,-20.06084551489261,3.72338737205804
-7601619.726139284,90982494.76123077,-1098445.124821734,-35.82577204290014,-21.38710386312258,3.741636841074005
-10691594.30308483,89075802.84278055,-774517.9377871342,-35.69248220055907,-22.7565085334069,3.75598976585736
-13767659.33017453,87048918.40588677,-449536.0777594,-35.50288073668755,-24.16936330284398,3.765966550329642
-16824706.44267245,84898085.93659708,-123900.1616076641,-35.25126099717914,-25.62563927996553,3.771037241532149
-19857113.02619363,82619569.69915576,201941.1025223173,-34.93142278024014,-27.12489269382869,3.77061800732249
-22858698.93244064,80209693.63558196,527486.121420674,-34.5366589512744,-28.66616858845868,3.764068015746202
-25822682.47116789,77664890.24190576,852175.3807453178,-34.0597527011057,-30.24788914560106,3.750687001781913
-28741636.77359554,74981759.79226214,1175386.241512645,-33.49298966851468,-31.8677257180046,3.729713895056086
-31607448.0289014,72157141.33648938,1496427.680618245,-32.82819012920429,-33.52245428267205,3.700326985355481
-34411277.58987215,69188196.88224138,1814535.133005574,-32.05676750029885,-35.20779501229716,3.661646219179824
-37143530.52875944,66072510.05314716,2128865.649691112,-31.16982043978689,-36.9182381193753,3.612738344628779
-39793833.89292619,62808200.24510553,2438493.653131548,-30.15826669617804,-38.64686016057713,3.55262574292915
-42351028.64015883,59394052.82934619,2742407.648415066,-29.01302737549775,-40.38513769022549,3.480299885284003
-44803179.98202314,55829665.21332972,3039508.332615726,-27.72527014574997,-42.12276856572118,3.394740406852872
-47137611.55742491,52115607.50865383,3328608.629764371,-26.28671870799595,-43.84751528121809,3.294940758670233
-49340969.38800477,48253595.11966248,3608436.256043479,-24.69003317032678,-45.5450892277921,3.179941236532189
-51399321.78151421,44246668.73589849,3877639.475431334,-22.92926128581909,-47.19909930463202,3.048869840117339
-53298301.05923638,40099375.01528908,4134796.721933957,-21.00035345780246,-48.7910920931658,2.900990834453777
-55023291.97367855,35817938.79095547,4378430.71869421,-18.90172481714916,-50.30071277885425,2.735760033783709
-56559669.74247159,31410415.13676242,4607027.592958296,-16.63483583777468,-51.70601480210387,2.552884706265239
-57893087.59738605,26886807.42331104,4819061.248024536,-14.20474987440838,-52.98394037075709,2.352384670393469
-59009809.60032975,22259136.04490731,5013022.896877806,-11.62061355094406,-54.11098224291509,2.134649769870585
-59897079.37812879,17541442.33474119,5187455.192254507,-8.895996842342823,-55.06401911566063,1.900487718146305
-60543509.80679727,12749713.83293689,5340989.834250879,-6.049027283889756,-55.82129339805101,1.651155620551663
-60939473.25155844,7901720.902857346,5472386.958578021,-3.102260164185482,-56.36347377018683,1.388368655563792
-61077467.68764999,3016760.765805901,5580574.092789169,-0.08224576028864558,-56.6747202464997,1.114280695867084
-60952431.90989683,-1884687.046310698,5664682.116533507,2.981214744680411,-56.74365221031287,0.8314341491420407
-60561983.94132724,-6781380.928410854,5724075.571787816,6.056094564308082,-56.56411567721527,0.542679781749893
-59906561.09145861,-11651791.68799292,5758374.904281258,9.109377885398196,-56.13565853415125,0.251071224983157
-58989447.66547839,-16474603.10552397,5767468.785426227,12.10840470498453,-55.4636517427079,-0.04025750483236124
-57816686.1571529,-21229206.77531666,5751515.503812217,15.02220227684699,-54.55903622275169,-0.328220606628296
-56396878.39258303,-25896159.68317376,5710933.40441074,17.82268200495496,-53.43772149643271,-0.60990349387761
-54740892.83523721,-30457577.09676422,5646381.33655164,20.48560036778993,-52.11970383964572,-0.8826694533883845
-52861501.61624124,-34897440.56036058,5558730.902075209,22.99121695252275,-50.6280005895716,-1.144241665533674
-50772974.85784536,-39201809.77319727,5449032.88038874,25.32462432035919,-48.98750906215103,-1.392755368461152
-48490660.2582951,-43358936.41044205,5318480.519274801,27.47576484201533,-47.22389403895104,-1.626778262714911
-46030573.14910178,-47359286.27931187,5168372.338073567,29.4391810998428,-45.36259093169135,-1.845302633153359
-43409017.36863016,-51195482.57087267,5000076.456888935,31.21356338850837,-43.42798266785076,-2.047720023645249
-40642251.51924364,-54862186.36108826,4814997.527987912,32.80116343061987,-41.44277104989663,-2.233786598922331
-37746209.1203145,-58355931.17586905,4614547.155205432,34.20714440246785,-39.42754122288679,-2.403576347651619
-34736275.42723682,-61674927.9834703,4400118.869801238,35.43892780476953,-37.4005101342964,-2.557423684120193
-31627119.23628382,-64818855.60407263,4173068.178109229,36.50557932144411,-35.37743523516748,-2.695864994749391
-28432575.0697243,-67788648.90479754,3934697.458330959,37.41726009409463,-33.37164840500585,-2.819585398248638
-25165569.383736,-70586294.0512428,3686245.16230116,38.18475793837229,-31.39417980342888,-2.929372430985532
-21838083.62679462,-73214637.21422166,3428878.70922425,38.81910318877161,-29.45394077421582,-3.026076900704693
-18461146.91033548,-75677210.6933488,3163690.455760401,39.33126645990987,-27.55794032914254,-3.11058077516277
-15044851.51087739,-77978078.45912772,2891696.150599182,39.73193086935045,-25.71151530396878,-3.183771690699782
-11598385.18850852,-80121701.62690647,2613835.328390066,40.03132877971632,-23.91855956037098,-3.246523427062707
-8130075.211065944,-82112823.3179528,2330973.161302812,40.23913229473581,-22.18174223603857,-3.299681551965143
-4647439.897362739,-83956371.66892071,2043903.357882939,40.36438702863357,-20.50270882926429,-3.344053393910509
-1157244.361035037,-85657379.34605356,1753351.770770639,40.4154796099613,-18.88226181746247,-3.3804015300984
2334442.092513098,-87220917.73216426,1459980.442168552,40.4001306456094,-17.32051962882759,-3.409440049765736
5822188.807346647,-88652043.91950864,1164391.875798829,40.32540623004369,-15.81705424018425,-3.431832949282024
9301148.207584318,-89955758.70863749,867133.3752843626,40.19774239580188,-14.37100860195774,-3.448194117677989
12767002.73652347,-91136973.94251212,568701.3313464299,40.0229780844937,-12.98119562423401,-3.459088469926737
16215914.88683415,-92200487.66747616,269545.3745213002,39.80639323743269,-11.64618070814172,-3.465033874573988
19644480.64841423,-93150965.78771096,-29927.66279923171,39.55274945427549,-10.36434986423008,-3.466503599692245
23049686.51085928,-93992929.05401374,-329350.0102440789,39.26633135594839,-9.133965392892545,-3.463929066068267
26428870.0209519,-94730744.39270702,-628389.468633756,38.95098733251929,-7.953210961613959,-3.457702749654592
29779683.80061613,-95368619.73148157,-926746.1720848456,38.61016877862988,-6.82022773543286,-3.448181117864493
33100062.86776002,-95910601.61380893,-1224149.602219567,38.24696723983634,-5.733143024547756,-3.435687517749339
36388195.06345693,-96360575.01173869,-1520355.847737774,37.86414913227278,-4.690092721937681,-3.420514959970339
39642494.36769673,-96722264.84898181,-1815145.098653123,37.46418787254663,-3.689238623554013,-3.402928762161257
42861576.87753318,-96999238.83334768,-2108319.362017743,37.0492933791009,-2.728781559137782,-3.383169030008121
46044239.22205751,-97194911.27132401,-2399700.384579375,36.62143899224665,-1.806971115232987,-3.361452965195519
49189439.19535115,-97312547.59945318,-2689127.767233178,36.18238591714974,-0.9221126038548595,-3.337976997158289
52296278.39925282,-97355269.41872028,-2976457.256116353,35.73370532972353,-0.07257181978806182,-3.312918741036552
55363986.70082828,-97326059.86089897,-3261559.195571303,35.27679830543118,0.7432219647848692,-3.286438787928176
58391908.32370588,-97227769.15102665,-3544317.128840759,34.81291373988846,1.526774399315614,-3.25868233590881
61379489.40712685,-97063120.25908636,-3824626.533156224,34.34316443124585,2.279525545517032,-3.22978067169329
64326266.88109435,-96834714.5575839,-4102393.676769145,33.86854149013529,3.002850213359596,-3.199852513509903
67231858.52001975,-96545037.42091696,-4377534.586398512,33.38992723535173,3.698058942604902,-3.169005225954367
70095954.05052306,-96196463.71798769,-4649974.11449454,32.90810672376006,4.366399468390406,-3.137335917437248
72918307.20141357,-95791263.16205409,-4919645.096619911,32.42377805214107,5.009058540975561,-3.104932430452074
75698728.59529328,-95331605.49188,-5186487.590111144,31.93756155750513,5.627163995692239,-3.071874234355937
78437079.39167506,-94819565.4662774,-5450448.18599344,31.45000803127262,6.221786990374698,-3.038233229732594
81133265.60100889,-94257127.66051012,-5711479.386878062,30.96160605195685,6.793944344855674,-3.004074472744697
83787232.99760771,-93646191.05804518,-5969539.044268034,30.47278853080432,7.344600931241128,-2.969456827207291
86398962.5672048,-92988573.43506375,-6224589.849337477,29.98393855529639,7.874672075072178,-2.934433551453296
88968466.43182926,-92286015.53817101,-6476598.871832814,29.4953946066732,8.385025936792935,-2.899052826426498
91495784.20091194,-91540185.05805439,-6725537.142274674,29.00745521957115,8.876485850388196,-2.863358230838942
93980979.7030964,-90752680.40356852,-6971379.273118481,28.52038314456596,9.349832602074605,-2.827389168674941
96424138.05819242,-89925034.28198859,-7214103.114966441,28.03440906781491,9.805806636757675,-2.791181253817171
98825363.05313024,-89058717.09206153,-7453689.444315899,27.54973493605248,10.2451101838282,-2.754766656114441
101184774.7897092,-88155140.13707528,-7690121.679684646,27.06653692986976,10.66840929694745,-2.718174412808982
103502507.5754337,-87215658.66551836,-7923385.623276696,26.58496812345295,11.07633580491081,-2.681430708897209
105778708.0318416,-86241574.74706775,-8153469.22564875,26.10516086472382,11.46948917260825,-2.644559129716591
108013533.3974975,-85234139.99165887,-8380362.371111713,25.62722890607244,11.84843827261471,-2.607580888839927
110207150.0052855,-84194558.11929287,-8604056.681862053,25.15126931256755,12.21372306912554,-2.570515034227954
112359731.9158321,-83123987.388047,-8824545.339090336,24.67736417162178,12.56585621686208,-2.533378635552697
114471459.6908464,-82023542.88749824,-9041822.919567656,24.20558212557537,12.90532457815026,-2.496186955664911
116542519.2919295,-80894298.70447639,-9255885.24647455,23.7359797465413,13.2325906618299,-2.458953609363327
118573101.0919955,-79737289.96774033,-9466729.253519222,23.26860277111641,13.54809398761306,-2.421690712827328
120563398.9879021,-78553514.77787061,-9674352.861694861,22.80348721100821,13.85225237938051,-2.384409027375922
122513609.6042238,-77343936.02839349,-9878754.868348766,22.34066035477428,14.14546318977673,-2.34711810136576
124423931.5793791,-76109483.12401211,-10079934.84856507,21.88014167451223,14.42810445774269,-2.30982641388
126294564.9264676,-74851053.60173993,-10277893.0691519,21.42194365077162,14.70053599819525,-2.272541523221235
128125710.4622828,-73569514.66090351,-10472630.415725,20.96607252762072,14.96310042126288,-2.235270221627177
129917569.298923,-72265704.6082962,-10664148.3333929,20.51252900816683,15.21612407616609,-2.198018694878508
131670342.3932121,-70940434.2252597,-10852448.78126794,20.06130889823042,15.45991791349779,-2.16079268146278
133384230.1496565,-69594488.06400318,-11037534.20036257,19.61240370224471,15.69477826019763,-2.123597621152436
135059432.0728259,-68228625.68083557,-11219407.49335254,19.16580117099482,15.92098750503325,-2.086438778410992
136696146.4648193,-66843582.81389809,-11398072.01331061,18.7214857963733,16.13881469938767,-2.049321323861488
138294570.1629115,-65440072.51216627,-11573531.55712059,18.27943924534837,16.34851608773968,-2.01225035918632
139854898.3117825,-64018786.22082198,-11745790.35830675,17.83964072541301,16.55033559178963,-1.975230878429617
141377324.1642026,-62580394.8257353,-11914853.07390599,17.40206727777623,16.74450527795561,-1.938267670785421
142862038.9040293,-61125549.65722814,-12080724.76103074,16.9666940019594,16.93124583660733,-1.901365183206963
144309231.4860444,-59654883.45118613,-12243410.84081138,16.53349422357906,17.11076709223817,-1.864527370747447
145719088.4884685,-58169011.26453156,-12402917.04997212,16.1024396233696,17.28326854919503,-1.827757564691725
147091793.9756656,-56668531.34232773,-12559249.38268057,15.67350034717894,17.44893996289049,-1.791058382381073
148427529.3701496,-55154025.93513375,-12712414.02688995,15.24664511363223,17.6079619163737,-1.75443169079852
149726473.3341933,-53626062.06714228,-12862417.29986838,14.82184132988285,17.76050637938985,-1.717878623054974
150988801.6619346,-52085192.25748219,-13009265.58707405,14.3990552188811,17.90673723085125,-1.68139963699645
152214687.1829133,-50531955.19840561,-13152965.28735908,13.97825195604386,18.04681073318633,-1.644994600375759
153404299.6776418,-48966876.39472397,-13293522.76611193,13.55939581011298,18.18087595500538,-1.608662887056174
154557805.8053101,-47390468.7688791,-13430944.31672904,13.14245028226023,18.30907514473547,-1.572403471908561
155675369.0432455,-45803233.23563349,-13565236.12992477,12.7273782383545,18.4315440614554,-1.536215016385985
156757149.6373735,-44205659.24975659,-13696404.26987732,12.31414203089744,18.5484122703993,-1.500095940813714
157803304.5626951,-42598225.32944614,-13824454.65600478,11.90270360877562,18.65980341024951,-1.464044482463402
158813987.4926985,-40981399.5576545,-13949393.04917493,11.49302461432427,18.76583543817635,-1.428058740377756
159789348.7766212,-39355640.06303556,-14071225.04128256,11.08506646812257,18.86662085719844,-1.392136708851877
160729535.4235428,-37721395.48188854,-14189956.04730842,10.67879044248454,18.96226692915694,-1.35627630176594
161634691.0923814,-36079105.40223804,-14305591.29916153,10.27415772485726,19.05287587556719,-1.320475369859436
162504956.086978,-34429200.79102758,-14418135.84077526,9.871129472388898,19.13854506785513,-1.284731712753083
163340467.3555565,-32772104.40529851,-14527594.524069,9.469666858867527,19.21936720796195,-1.249043087178107
164141358.4939508,-31108231.18815663,-14633972.00549881,9.06973111511059,19.2954304999666,-1.213407212543209
164907759.7520711,-29437988.65028201,-14737272.74300525,8.671283563744689,19.36681881316776,-1.177821774681448
165639798.0431636,-27761777.23770569,-14837500.99322894,8.27428564917565,19.43361183695064,-1.142284428386357
166337596.9554752,-26079990.68655105,-14934660.80890905,7.878698963422336,19.49588522770255,-1.106792799166835
167001276.7659935,-24393016.36541659,-15028756.03641044,7.484485268377061,19.55371074801458,-1.071344484514091
